"Ключевое слово";"Слов";"Символов";"Частотность Весь мир";"""!Частотность !Весь !мир"""
"мыши";1;4;2626080;8333
"мышь полевая";2;12;16573;2122
"беспроводная мышь";2;17;112191;4715
"игровая мышь";2;12;63060;7596
"мышь беспроводная";2;17;109463;4586
"мышь компьютерная";2;17;82367;7539
"полевая мышь";2;12;16459;2133
"мышь дорама";2;11;39532;18260
"компьютерная мышь";2;17;83071;7586
"мышь";1;4;2608100;54121
"серая мышь";2;10;125385;7266
"летучая мышь";2;12;322219;18887
"курсор мыши";2;11;82137;9808
"летучие мыши";2;12;322694;4256
"мышь игровая";2;12;62227;7667
"дорама мышь";2;11;40452;18895
"симулятор мыши";2;14;17960;1995
"мышь x7";2;7;6965;1365
"звук мыши";2;9;25156;1586
"мышь вертикальная";2;17;5827;1638
"эволюция мыши";2;13;3661;1454
"проверка мыши";2;13;9370;1604
"x7 мышь";2;7;7246;1399
"мышь полевка";2;12;10521;1864
"вертикальная мышь";2;17;5899;1606
"мышь logitech";2;13;47245;1785
"мышь сериал";2;11;53249;1588
"полевка мышь";2;12;10531;1886
"logitech мышь";2;13;48329;1831
"мыши эволюция";2;13;3662;1440
"сериал мышь";2;11;53615;1638
"поллитровая мышь";2;16;3645;1940
"мыши сонник";2;11;13011;1363
"мышь купить";2;11;74812;881
"звук мышей";2;10;25155;945
"это мышь";2;8;2586284;1022
"звуки мышей";2;11;25155;912
"морская мышь";2;12;6116;970
"отпугиватель мышей";2;18;14095;882
"иглистая мышь";2;13;2626;1154
"мышь это";2;8;2608100;1006
"мышь сонник";2;11;12950;1107
"писк мыши";2;9;7500;965
"включи мышь";2;11;22413;1213
"мышь иглистая";2;13;2605;1146
"мышь крадется";2;13;2012;883
"сонник мышь";2;11;12866;1099
"сонник мыши";2;11;12924;1352
"купить мышь";2;11;74812;881
"мышь нарисовать";2;15;6327;600
"мыши игровые";2;12;62250;700
"игровые мыши";2;12;63087;723
"мышь razer";2;10;13387;662
"razer мышь";2;10;13951;708
"мышь apple";2;10;3668;614
"мышь рисунок";2;12;12221;842
"bloody мышь";2;11;17726;717
"мышь домовая";2;12;8472;777
"мышь bloody";2;11;16982;703
"лесная мышь";2;11;13179;854
"большая мышь";2;12;24697;784
"курсоры мыши";2;12;82136;644
"домовая мышь";2;12;8323;767
"рисунок мышь";2;12;12278;856
"нарисовать мышь";2;15;6327;600
"мышь defender";2;13;10181;472
"мышь картинка";2;13;15153;520
"мыши сон";2;8;42656;543
"писк мышей";2;10;7500;487
"картинка мышь";2;13;15265;530
"мыши фото";2;9;18566;481
"a4tech мышь";2;11;16904;561
"мышь фото";2;9;18460;538
"сон мыши";2;8;42265;555
"мышь bluetooth";2;14;7389;522
"мышей";1;5;2626853;563
"bluetooth мышь";2;14;7650;560
"приснились мыши";2;15;8207;484
"мышь малютка";2;12;1542;546
"мышь a4tech";2;11;16587;567
"xiaomi мышь";2;11;6078;471
"проводная мышь";2;14;26843;420
"мышь смотреть";2;13;59528;436
"мышь xiaomi";2;11;5864;442
"мышь проводная";2;14;27096;426
"сибирская мышь";2;14;1569;440
"кнопки мыши";2;11;64184;421
"reddragon мышь";2;14;1979;453
"домашняя мышь";2;13;12359;441
"днс мышь";2;8;7465;446
"смотреть мышь";2;13;59863;439
"фото мыши";2;9;18356;457
"мышь reddragon";2;14;1980;450
"мышь домашняя";2;13;12309;426
"мышь днс";2;8;7387;444
"defender мышь";2;13;10224;468
"тест мыши";2;9;6283;415
"суставная мышь";2;14;1499;355
"киркоров мышь";2;13;2976;359
"мышь мультяшная";2;15;2173;391
"мыши компьютерные";2;17;82418;358
"блютуз мышь";2;11;7987;369
"мышь киркоров";2;13;2998;356
"чувствительность мыши";2;21;18734;412
"мыши рокеры";2;11;8460;373
"мышь белая";2;10;21179;396
"компьютерные мыши";2;17;83119;362
"приснилась мышь";2;15;8175;414
"белая мышь";2;10;21350;401
"logitech мыши";2;13;48334;357
"мультяшная мышь";2;15;2173;391
"звуки мыши";2;10;25156;414
"мышь блютуз";2;11;7843;354
"мышь игристая";2;13;478;317
"бесшумная мышь";2;14;6014;327
"год мыши";2;8;15011;333
"мышь животное";2;13;15201;326
"домовые мыши";2;12;8325;331
"мыши logitech";2;13;47251;323
"виды мышей";2;10;15244;346
"клавиатура мышь";2;15;94972;331
"снятся мыши";2;11;60197;335
"включи мыши";2;11;22742;327
"мышь оптическая";2;15;12628;350
"акселерация мыши";2;16;2996;346
"мышь повесилась";2;15;1959;325
"настройка мыши";2;14;23138;334
"оптическая мышь";2;15;12628;350
"hyperx мышь";2;11;3583;308
"рисунок мыши";2;12;12346;261
"мышь актеры";2;11;14360;269
"мышь раскраска";2;14;2147;274
"мышь песчанка";2;13;930;267
"песчанка мышь";2;13;914;272
"сон мышь";2;8;42062;261
"мышь живая";2;10;8154;287
"рокфор мышь";2;11;401;274
"тише мыши";2;9;12376;277
"мышь логитеч";2;12;3507;271
"беспроводные мыши";2;17;112213;295
"рататуй мышь";2;12;1337;286
"мышь настройки";2;14;23127;264
"раскраска мышь";2;14;2119;277
"мышь hyperx";2;11;3486;303
"полевые мыши";2;12;16482;260
"джерри мышь";2;11;3862;223
"король мышей";2;12;1165;231
"мышь блади";2;10;3083;239
"сатиновая мышь";2;14;1067;229
"указатель мыши";2;14;9679;234
"танк мышь";2;9;1542;227
"steelseries мышь";2;16;2825;250
"мышь звук";2;9;24703;236
"нейна мыши";2;10;700;246
"мышь соня";2;9;1260;233
"манипулятор мышь";2;16;7754;251
"мышь логитек";2;12;3067;249
"мыши нейна";2;10;694;228
"днс мыши";2;8;7475;243
"мышь пк";2;7;8448;253
"оригами мышь";2;12;3606;221
"мышь мем";2;8;3688;192
"разлетайтесь мыши";2;17;2490;196
"мышь дамбо";2;10;446;209
"скелет мыши";2;11;2120;195
"картун мышь";2;11;938;205
"мышь род";2;8;4348;192
"мышь х7";2;7;1355;214
"летающая мышь";2;13;9235;207
"мышь жвачка";2;11;653;212
"мышь microsoft";2;14;4681;198
"мышь huawei";2;11;1676;217
"домашние мыши";2;13;12401;213
"мыши полевки";2;12;10536;192
"декоративная мышь";2;17;2414;210
"мышь пнг";2;8;1574;219
"фараоновая мышь";2;15;364;192
"кудрявые мыши";2;13;594;176
"японская мышь";2;13;1743;178
"про мышь";2;8;37609;185
"фараонова мышь";2;14;1212;177
"лакомство мыши";2;14;695;184
"мышь рейзер";2;11;1615;176
"мышь jpg";2;8;453;190
"настройки мыши";2;14;23139;184
"драма мышь";2;10;492;189
"лазерная мышь";2;13;3620;178
"саблезубая мышь";2;15;516;190
"razer мыши";2;10;13957;189
"мышь аниме";2;10;2978;176
"сатиновые мыши";2;14;1067;186
"честный мыши";2;12;1984;190
"день мыши";2;9;7443;175
"фото мышей";2;10;18359;158
"мышь эпл";2;8;648;164
"черная мышь";2;11;32167;166
"порно мышь";2;10;3257;162
"мышь genius";2;11;3032;166
"скачать мышь";2;12;49344;159
"мышь певица";2;11;299;173
"птицы мыши";2;10;7641;166
"картинка мыши";2;13;15358;170
"мышь склонение";2;14;2139;166
"злая мышь";2;9;2310;173
"игра мышь";2;9;40158;170
"мыши видео";2;10;15842;161
"череп мыши";2;10;864;170
"декоративные мыши";2;17;2418;175
"брейн мышь";2;10;531;157
"музей мыши";2;10;1278;138
"инверсия мыши";2;13;2830;142
"кудрявая мышь";2;13;593;147
"желтогорлая мышь";2;16;347;142
"скорость мыши";2;13;7518;144
"белые мыши";2;10;21473;139
"рыжая мышь";2;10;2462;151
"сумчатая мышь";2;13;1278;145
"мышь пищит";2;10;3036;147
"лабораторная мышь";2;17;4891;142
"мышь g102";2;9;6282;152
"эргономичная мышь";2;17;861;148
"мышь землеройка";2;15;1650;141
"пищание мыши";2;12;819;147
"мышь олень";2;10;1362;155
"xcom мыши";2;9;159;138
"молоко мышей";2;12;6157;121
"человек мышь";2;12;21144;123
"герцовка мыши";2;13;964;129
"dpi мыши";2;8;10026;123
"кошельковая мышь";2;16;731;128
"боязнь мышей";2;12;628;122
"мышь майкрософт";2;15;1139;135
"секс мышей";2;10;1378;128
"мышь кродеца";2;12;152;130
"razor мышь";2;10;347;128
"смешная мышь";2;12;1534;136
"указатели мыши";2;14;9680;131
"мокрая мышь";2;11;902;122
"покажи мышь";2;11;7766;129
"летучий мышь";2;12;322315;136
"мыши ленорман";2;13;385;117
"толстая мышь";2;12;2272;112
"снились мыши";2;12;60197;109
"от мышей";2;8;2612087;107
"голос мыши";2;10;792;106
"хваты мыши";2;10;1050;103
"ускорение мыши";2;14;3796;100
"летучих мышей";2;13;322630;99
"разновидности мышей";2;19;827;97
"мышью";1;5;2609013;90
"мышь гашиш";2;10;992;98
"котопес мышь";2;12;316;131
"мышь декоративная";2;17;2421;212
"мышь msi";2;8;2208;144
"маска мышь";2;10;3484;122
"лесные мыши";2;11;13224;128
"автокликер мыши";2;15;1823;95
"мыши мышцы";2;10;2600;116
"мышь hp";2;7;3964;113
"фото мышь";2;9;18259;538
"жирная мышь";2;11;837;95
"детеныш мыши";2;12;3191;92
"соня мышь";2;9;1280;234
"мышь сайори";2;11;168;94
"лысая мышь";2;10;361;95
"3d мышь";2;7;1288;96
"маленькая мышь";2;14;15017;121
"мышь крючком";2;12;1877;90
"отклик мыши";2;11;1856;91
"страшная мышь";2;13;1514;121
"какашки мышей";2;13;833;90
"маска мыши";2;10;3526;89
"мышь лоджитек";2;13;1416;117
"мышь видео";2;10;15649;117
"мышь качок";2;10;285;91
"фильм мышь";2;10;56636;174
"огромная мышь";2;13;1524;93
"мышь фильм";2;10;57459;176
"костюм мыши";2;11;2019;87
"летучую мышь";2;12;322197;86
"дохлая мышь";2;11;4673;99
"канцелярская мышь";2;17;617;86
"мышь дефендер";2;13;1683;114
"мышь zowie";2;10;1246;139
"мышь рисовать";2;13;2021;160
"сумчатые мыши";2;13;1279;86
"мыши домашние";2;13;12345;223
"мышь оклик";2;10;3168;116
"мышь моется";2;11;513;85
"кликер мыши";2;11;1591;84
"мышь бегает";2;11;7187;90
"памятник мыши";2;13;2986;83
"мышь оригами";2;12;3606;221
"жвачка мышь";2;11;656;208
"иглистые мыши";2;13;2626;88
"слышь мышь";2;10;2585;83
"рыба мышь";2;9;2473;86
"мышь steelseries";2;16;2741;236
"леопольд мыши";2;13;7398;93
"apple мышь";2;10;3737;682
"мышь asus";2;9;3655;107
"мыши razer";2;10;13393;189
"летающие мыши";2;13;9269;80
"логитеч мышь";2;12;3507;271
"мышь canyon";2;11;1791;108
"мышь параметры";2;14;1961;81
"комп мышь";2;9;2713;82
"танцующая мышь";2;14;1126;79
"мышь спит";2;9;7695;79
"мыши bloody";2;11;16986;122
"японские мыши";2;13;1754;80
"мышь райзер";2;11;761;119
"dns мышь";2;8;1977;108
"хват мыши";2;9;1050;78
"мышь обыкновенная";2;17;1593;84
"мышь компьютера";2;15;30400;77
"гиковская мышь";2;14;137;78
"снится мышь";2;11;60032;89
"мышь транскрипция";2;17;642;92
"геймерская мышь";2;15;626;96
"легкие мыши";2;11;3137;77
"игра мыши";2;9;40404;112
"механическая мышь";2;17;1141;83
"картинки мышей";2;14;15357;75
"мышь 2021";2;9;8232;75
"мыши пищат";2;10;3054;102
"картинки мыши";2;13;15357;125
"мышь перевод";2;12;2549;79
"рисовать мышь";2;13;2052;159
"кормовые мыши";2;13;1146;105
"накаченная мышь";2;15;213;74
"колесико мыши";2;13;29596;73
"блади мышь";2;10;3138;265
"мыши байкеры";2;12;1146;75
"мышь летяга";2;11;339;73
"мыши бегают";2;11;7209;91
"звук мышь";2;9;24917;210
"мышь oklick";2;11;4163;133
"2 мыши";2;6;48959;78
"сенсорная мышь";2;14;4004;84
"сиамская мышь";2;13;241;79
"фобия мышей";2;11;367;72
"первая мышь";2;11;12893;72
"genius мышь";2;11;3046;163
"мышь хищник";2;11;1384;71
"lamzu мышь";2;10;1187;114
"бамбуковая мышь";2;15;283;78
"клик мыши";2;9;11476;70
"вертикальные мыши";2;17;5905;72
"робот мышь";2;10;797;87
"стимулятор мыши";2;15;172;70
"две мыши";2;8;15103;74
"нарисованная мышь";2;17;6326;123
"беременность мышей";2;18;724;69
"водяная мышь";2;12;575;89
"мышь ест";2;8;29853;68
"хвост мыши";2;10;7554;70
"большие мыши";2;12;25015;86
"игольчатая мышь";2;15;201;93
"мыши днс";2;8;7396;237
"церковная мышь";2;14;808;82
"офисная мышь";2;12;933;109
"шумелка мышь";2;12;214;71
"мышь серогорбая";2;15;219;92
"мышь джерри";2;11;3775;207
"тиши мыши";2;9;665;66
"голые мыши";2;10;663;66
"сенсор мыши";2;11;7287;65
"зеленая мышь";2;12;2651;71
"великая мышь";2;12;643;65
"разновидность мышей";2;19;827;65
"грим мыши";2;9;206;65
"мышь арт";2;8;1139;67
"мышь клавиатура";2;15;94156;329
"мышь симпла";2;11;666;63
"европейская мышь";2;16;402;65
"киш мышь";2;8;221;64
"про мышей";2;9;38867;62
"отпугиватели мышей";2;18;14095;62
"мозг мыши";2;9;1367;62
"мышь википедия";2;14;1111;71
"мыши дамбо";2;10;447;74
"мышь синоним";2;12;370;70
"мышь dexp";2;9;4241;85
"слово мышь";2;10;20173;70
"песня мыши";2;10;13895;75
"мышь лесная";2;11;13179;854
"сибирские мыши";2;14;1570;61
"боевая мышь";2;11;266;63
"мышь игрушка";2;12;5195;115
"oklick мышь";2;11;4261;140
"вес мыши";2;8;2637;60
"гуртовщики мыши";2;15;92;60
"картинки мышь";2;13;15264;116
"мышь картинки";2;13;15152;119
"мышь smartbuy";2;13;4487;100
"мышь порно";2;10;3233;162
"мышь zet";2;8;9467;84
"укус мыши";2;9;1424;59
"аниме мышь";2;10;3054;184
"мыши звук";2;9;24936;1575
"видео мыши";2;10;16067;153
"мышь acer";2;9;4865;84
"мышь танк";2;9;1614;234
"трекбол мышь";2;12;749;88
"живая мышь";2;10;8223;294
"полуторалитровая мышь";2;21;68;58
"мышь английский";2;15;12403;61
"фурри мышь";2;10;1129;89
"породы мышей";2;12;1742;57
"беременная мышь";2;15;885;63
"потравить мышей";2;15;403;57
"большой мышь";2;12;24611;57
"порно мышей";2;11;3343;56
"дикая мышь";2;10;2042;90
"мыши кусаются";2;13;1048;63
"беременность мыши";2;17;724;61
"кыш мышь";2;8;422;58
"cougar мышь";2;11;534;101
"клава мышь";2;10;5081;60
"колонка мышь";2;12;1832;58
"радио мышь";2;10;920;59
"мульти мышь";2;11;347;56
"мышь тесла";2;10;146;60
"этрусская мышь";2;14;106;56
"мышь игра";2;9;39631;156
"игрушка мышь";2;12;5287;109
"мышь нарисованная";2;17;6326;123
"мышь мультик";2;12;14422;70
"песня мышь";2;10;13566;75
"мышь сатиновая";2;14;1098;229
"я мышь";2;6;2586284;55
"драйвер мыши";2;12;22144;53
"мышь скачать";2;12;49643;159
"лабораторные мыши";2;17;4901;62
"видео мышей";2;11;16067;52
"мышь млекопитающее";2;18;4099;54
"мышь блуди";2;10;871;64
"пищание мышей";2;13;819;52
"zowie мышь";2;10;1294;141
"хентай мышь";2;11;958;71
"мышь гульда";2;11;60;54
"дорамы мышь";2;11;39006;56
"мыши картинки";2;13;15248;124
"мышь usb";2;8;20582;86
"летучей мыши";2;12;322705;51
"летающий мышь";2;13;9235;54
"день мышей";2;10;7443;51
"мышь эппл";2;9;313;57
"мышь дневник";2;12;721;74
"зверопой мышь";2;13;162;61
"черные мыши";2;11;32257;55
"мышь сон";2;8;42450;261
"g102 мышь";2;9;6423;149
"bloody мыши";2;11;17729;129
"мышь звуки";2;10;24703;67
"мышь бесшумная";2;14;5990;310
"суставные мыши";2;14;1503;50
"3д мышь";2;7;1019;60
"ты мышь";2;7;2589062;57
"актеры мышь";2;11;13795;249
"мышь софтбокс";2;13;1016;55
"голая мышь";2;10;636;57
"смайлик мыши";2;12;485;49
"песчаная мышь";2;13;239;53
"dns мыши";2;8;1977;59
"мышь рататуй";2;12;1346;289
"проверить мышь";2;14;3943;49
"мышь окончание";2;14;1323;50
"мышь cougar";2;11;505;102
"грустная мышь";2;13;372;52
"клики мыши";2;10;11476;48
"параметры мыши";2;14;1955;47
"новорожденные мыши";2;18;1651;52
"паук мышь";2;9;1751;57
"мышь trust";2;10;1619;75
"смешные мыши";2;12;1619;57
"полулитровая мышь";2;17;61;47
"мыши снятся";2;11;60842;344
"рисуем мышь";2;11;2052;52
"свойства мыши";2;13;1529;46
"мышь png";2;8;496;50
"мышь трансформер";2;16;207;49
"мыши купить";2;11;74960;50
"мышь грызун";2;11;4089;47
"msi мышь";2;8;2269;148
"энкодер мыши";2;12;943;45
"мышь определение";2;16;1194;50
"покемон мышь";2;12;300;46
"богданов мышь";2;13;208;45
"симулятор мышь";2;14;17946;57
"дом мыши";2;8;38831;47
"порно мыши";2;10;3343;66
"фотка мыши";2;10;1491;47
"тату мышь";2;9;4390;50
"мышь офисная";2;12;945;110
"шариковая мышь";2;14;257;56
"барым мышь";2;10;157;46
"мыши виды";2;9;14820;59
"карта мышь";2;10;6800;45
"пищит мышь";2;10;3003;148
"ночная мышь";2;11;7457;44
"мышь отряд";2;10;2004;47
"мем мышь";2;8;3688;192
"коричневая мышь";2;15;2589;57
"х7 мышь";2;7;1284;206
"мышь гарнизон";2;13;848;75
"мышь сяоми";2;10;650;49
"виртуальная мышь";2;16;757;50
"клавиатурная мышь";2;17;344;54
"мышь реджи";2;10;228;50
"dorama мышь";2;11;74;45
"маленькие мыши";2;14;15183;47
"сенсоры мыши";2;12;7287;42
"новая мышь";2;10;5645;42
"логитек мышь";2;12;3067;249
"мыши декоративные";2;17;2425;179
"симметрия мыши";2;14;1425;42
"буба мышь";2;9;650;51
"corsair мышь";2;12;666;84
"библиотека мышь";2;15;565;43
"пинки мышь";2;10;353;57
"мышь хуавей";2;11;498;50
"кнопка мыши";2;11;64184;41
"роды мыши";2;9;4567;42
"бесшумные мыши";2;14;6014;49
"мышь lenovo";2;11;2024;55
"красивая мышь";2;13;3045;75
"секс мышь";2;9;1346;57
"мыши перевод";2;12;2578;43
"райзер мышь";2;11;746;116
"мышь ебаная";2;11;205;49
"размер мыши";2;11;7058;42
"мышь символ";2;11;2212;53
"ситилинк мышь";2;13;912;56
"мышь танцует";2;12;1119;41
"мышь спасатель";2;14;669;40
"пустынная мышь";2;14;121;43
"мышь гликерия";2;13;180;40
"курганчиковая мышь";2;18;70;47
"поймать мышь";2;12;8640;39
"три мыши";2;8;5388;39
"стрелка мыши";2;12;6518;39
"зубы мыши";2;9;1965;39
"плавает мышь";2;12;1766;58
"олень мышь";2;10;1362;155
"милая мышь";2;10;1231;58
"уничтожение мышей";2;17;1060;39
"твою мышь";2;9;707;39
"мышь смешарики";2;14;425;71
"калибровка мыши";2;15;258;39
"мыши качки";2;10;289;41
"мышь стилсериес";2;15;233;48
"игры мыши";2;9;40404;47
"steelseries мыши";2;16;2826;54
"мыши малютки";2;12;1543;38
"мышь дикая";2;10;1980;93
"мышь g502";2;9;2086;55
"мыши спасатели";2;14;670;48
"хитрая мышь";2;11;612;40
"мышь corsair";2;12;632;76
"земляная мышь";2;13;445;47
"тренировка мыши";2;15;329;38
"смывайся мышь";2;13;338;62
"мышь брейн";2;10;512;152
"бешеная мышь";2;12;375;44
"мышей сорняк";2;12;139;44
"мышь исполнительница";2;20;76;51
"лучшая мышь";2;11;43128;40
"мышь лабораторная";2;17;4891;142
"мыши вампиры";2;12;3290;41
"розовая мышь";2;12;1648;46
"мыши рейзер";2;11;1616;49
"мышь повар";2;10;486;46
"мистер мышь";2;11;580;37
"размножение мышей";2;17;637;37
"ушастая мышь";2;12;348;60
"дамбо мышь";2;10;461;214
"мышь разер";2;10;363;39
"мыши беспроводные";2;17;109487;286
"usb мышь";2;8;20642;91
"карту мышь";2;10;6644;36
"лови мышей";2;10;21985;36
"мышь лазерная";2;13;3620;178
"microsoft мышь";2;14;4794;200
"мышь карандашом";2;15;1866;36
"мертвая мышь";2;12;3452;46
"мышь корея";2;10;1183;36
"скин мыши";2;9;1431;36
"танец мышей";2;11;766;36
"смешарики мышь";2;14;430;76
"мышь апл";2;8;149;40
"мышь глориус";2;12;123;42
"мышь аппле";2;10;108;36
"кузнечиковая мышь";2;17;60;37
"настроить мышь";2;14;13624;36
"мышь 3";2;6;32819;36
"мыши игра";2;9;39871;110
"описание мыши";2;13;6853;39
"мышь описание";2;13;6823;46
"hyperx мыши";2;11;3583;55
"мышь вампир";2;11;3287;46
"мыши песчанки";2;13;931;40
"мышь детектив";2;13;671;45
"певица мышь";2;11;300;173
"мышь вектор";2;11;335;35
"мышь дома";2;9;38477;38
"кошка мышь";2;10;30046;41
"много мышей";2;11;12163;34
"мышь скорость";2;13;7624;39
"колесо мыши";2;11;8763;34
"майнкрафт мышь";2;14;5435;63
"строение мыши";2;13;4045;34
"smartbuy мышь";2;13;4575;102
"бэтмен мышь";2;11;1379;38
"huawei мышь";2;11;1609;200
"золотая мышь";2;12;1541;39
"эмулятор мыши";2;13;1513;34
"авито мыши";2;10;1392;35
"мышь драма";2;10;458;166
"игольчатые мыши";2;15;201;35
"мышь мутант";2;11;128;40
"кишь мышь";2;9;50;34
"мышь черная";2;11;32160;170
"мыши лесные";2;11;13224;128
"оптические мыши";2;15;12636;38
"лучшие мыши";2;11;43355;33
"покажи мыши";2;11;8135;46
"задержка мыши";2;13;1442;33
"мышь b100";2;9;1251;36
"мультяшные мыши";2;15;2181;43
"3d мыши";2;7;1289;33
"мышь страшная";2;13;1615;127
"мышь корень";2;11;1169;36
"зверополис мышь";2;15;350;37
"мышь котопес";2;12;324;133
"грим мышь";2;9;206;45
"пищат мыши";2;10;3022;105
"мышь красивая";2;13;3016;76
"оклик мышь";2;10;3168;116
"акселерации мыши";2;16;2996;32
"мышь sven";2;9;2990;44
"мышь манипулятор";2;16;7754;251
"мыши логитеч";2;12;3509;47
"укусила мышь";2;12;3120;40
"золушка мыши";2;12;936;39
"мышь рокфор";2;11;395;269
"мышь курит";2;10;169;32
"гироскопическая мышь";2;20;168;39
"симулятор мышей";2;15;17960;31
"мышь маленькая";2;14;15017;121
"уши мыши";2;8;5970;32
"мыши рисунок";2;12;12290;256
"изобретатель мыши";2;17;4517;31
"asus мышь";2;9;3676;109
"честные мыши";2;12;2005;31
"мышь бежит";2;10;1825;34
"мышь dell";2;9;963;35
"мышь леново";2;11;935;42
"мышь фурри";2;10;1108;83
"гарнизон мышь";2;13;898;82
"мыши транскрипция";2;17;643;37
"jetaccess мышь";2;14;658;47
"лего мышь";2;9;458;31
"дератизация мышей";2;17;296;32
"мышь пищуха";2;11;108;35
"видео мышь";2;10;15889;121
"мыши животные";2;13;15269;32
"управление мышью";2;16;9132;30
"телефон мышь";2;12;8963;57
"птица мышь";2;10;7584;35
"характеристики мыши";2;19;3888;32
"рыжие мыши";2;10;2497;35
"дикие мыши";2;10;2071;38
"мышь прикол";2;11;1552;33
"дефендер мышь";2;13;1721;122
"злые мыши";2;9;2325;33
"мышь смешная";2;12;1551;125
"калькулятор мыши";2;16;1174;30
"милые мыши";2;10;1240;42
"мышь g305";2;9;1355;38
"ремонт мыши";2;11;1431;31
"следы мыши";2;10;1075;32
"эпл мышь";2;8;650;165
"травля мышей";2;12;456;30
"африканская мышь";2;16;318;31
"мышь пик";2;8;346;32
"бамбуковые мыши";2;15;283;30
"многокнопочная мышь";2;19;189;36
"гироскопические мыши";2;20;168;30
"долгоносик мышь";2;15;132;46
"g103 мышь";2;9;116;31
"робо мышь";2;9;105;30
"дроид мышь";2;10;103;31
"кенгуровая мышь";2;15;54;30
"мышь какая";2;10;71598;38
"кот мышь";2;8;52173;45
"мышь виды";2;9;14752;43
"ловушка мышей";2;13;4694;29
"мышь fury";2;9;3420;51
"бегающие мыши";2;13;7362;32
"красная мышь";2;12;4346;33
"мыши логитек";2;12;3072;41
"частота мыши";2;12;4273;29
"мышь майнкрафт";2;14;5435;63
"страшные мыши";2;13;1530;37
"мышь rapoo";2;10;1060;47
"мышь superlight";2;15;1357;35
"мыши кормовые";2;13;1146;104
"лапа мыши";2;9;1204;29
"иконка мыши";2;11;917;29
"какашки мыши";2;12;833;31
"мышь альбинос";2;13;699;32
"степная мышь";2;12;607;41
"карликовая мышь";2;15;333;31
"экранная мышь";2;13;325;29
"мышь тян";2;8;122;29
"мышь крыса";2;10;44256;52
"мышь слушать";2;12;13418;40
"acer мышь";2;9;5006;94
"морские мыши";2;12;6120;30
"лазерные мыши";2;13;3622;31
"мышь макбук";2;11;3162;30
"приманка мышь";2;13;2272;34
"redragon мышь";2;13;1762;51
"canyon мышь";2;11;1813;105
"мышь джойстик";2;13;2127;33
"лоджитек мышь";2;13;1416;117
"сердце мыши";2;11;1163;30
"танцующие мыши";2;14;1203;32
"фруктовая мышь";2;14;894;28
"мышь hyper";2;10;717;38
"ортопедическая мышь";2;19;242;35
"мышь потыканная";2;15;97;33
"снилась мышь";2;12;60032;30
"бегающая мышь";2;13;7334;30
"полевки мыши";2;12;10543;194
"род мышь";2;8;4299;188
"fury мышь";2;9;3594;63
"роблокс мышь";2;12;3664;48
"мышь маска";2;10;3484;122
"синяя мышь";2;10;2823;30
"мышь perfeo";2;11;1562;45
"zowie мыши";2;10;1294;46
"мыши ый";2;7;868;27
"полосатая мышь";2;14;409;39
"мышь honor";2;10;354;35
"мышь автобернер";2;15;75;28
"компьютер мышь";2;14;30564;29
"где мышь";2;8;26377;30
"мышь приснилась";2;15;8178;408
"мышь мышка";2;10;6473;40
"характеристика мыши";2;19;3888;26
"желтая мышь";2;11;2932;30
"против мышей";2;12;4219;26
"мультяшный мышь";2;15;2173;41
"мышь прилагательное";2;19;2041;28
"мышь зверь";2;10;1799;26
"травить мышей";2;13;1268;27
"мышь назначение";2;15;1264;31
"след мыши";2;9;1075;26
"слепая мышь";2;11;1429;26
"скролл мыши";2;11;1017;26
"wifi мышь";2;9;965;37
"дневник мышь";2;12;760;82
"мышь трекбол";2;12;755;85
"ugreen мышь";2;11;673;50
"анатомия мыши";2;13;214;26
"рокфорд мышь";2;12;38;28
"смотреть мыши";2;13;59926;25
"серые мыши";2;10;125574;35
"драйвера мыши";2;13;22144;26
"мыши полевые";2;12;16596;252
"мышь озвучка";2;12;3515;30
"страх мышей";2;11;2991;25
"мышь сидит";2;10;2136;26
"мышь gembird";2;12;2095;33
"мышь dns";2;8;1913;94
"кастомная мышь";2;14;956;28
"мышь фиолетово";2;14;1203;30
"нашествие мышей";2;15;842;25
"крутая мышь";2;11;891;25
"совет мышей";2;11;728;25
"dareu мышь";2;10;721;47
"мышь intro";2;10;520;46
"жесты мышью";2;11;509;25
"плоская мышь";2;12;453;36
"мышь razor";2;10;357;133
"блютус мышь";2;11;458;32
"крик мыши";2;9;355;29
"мыши ебутся";2;11;302;28
"мышь игольчатая";2;15;201;93
"мышь райзен";2;11;159;39
"g105 мышь";2;9;77;27
"мышь онлайн";2;11;45521;28
"мыши дорама";2;11;39033;32
"про мыши";2;8;38860;24
"крысы мыши";2;10;44072;43
"мыши съели";2;10;12572;26
"мыши английский";2;15;12472;24
"мыши приснились";2;15;8212;487
"dexp мышь";2;9;4364;82
"сенсорные мыши";2;14;4006;25
"раскраска мыши";2;14;2127;45
"мышь mi";2;7;2119;31
"слепые мыши";2;11;1434;32
"новорожденная мышь";2;18;1642;28
"фотки мышей";2;11;1494;24
"шрек мыши";2;9;1268;39
"маус мышь";2;9;1144;29
"назначение мыши";2;15;1267;24
"сравнение мышей";2;15;946;24
"умная мышь";2;10;785;27
"мышь саблезубая";2;15;520;187
"мышь samsung";2;12;542;29
"cartoon мышь";2;12;388;24
"мышь смывайся";2;13;346;62
"серогорбая мышь";2;15;218;95
"египетская мышь";2;15;183;28
"мыши бляхера";2;12;102;24
"слоновая мышь";2;13;47;24
"мыши едят";2;9;30086;26
"мыши a4tech";2;11;16592;41
"мышь 4";2;6;26907;26
"старая мышь";2;11;3254;37
"мышь настоящая";2;14;1339;35
"мышь rush";2;9;1393;39
"мышь хентай";2;11;960;72
"крылов мыши";2;11;1071;40
"мышь семейство";2;14;790;24
"мышь delux";2;10;928;32
"замороженные мыши";2;17;824;33
"мышь кенгуру";2;12;712;29
"инвертировать мышь";2;18;648;23
"мышь бутерброд";2;14;552;32
"xtrfy мышь";2;10;378;42
"мышь ушастая";2;12;346;61
"эмодзи мышь";2;11;273;35
"трансгенные мыши";2;16;231;24
"спаривание мышей";2;16;192;23
"фарфоровая мышь";2;15;116;23
"мыши воители";2;12;109;23
"аниматроник мышь";2;16;74;26
"кучерявые мыши";2;14;77;25
"мышь тупайя";2;11;29;23
"крыса мышь";2;10;43940;49
"мышь человек";2;12;21630;126
"мыши картинка";2;13;15249;166
"мышь 5";2;6;18709;25
"мыши звуки";2;10;24936;410
"мышь побольше";2;13;24682;22
"съела мышь";2;10;12552;29
"мышь мультфильм";2;15;9155;34
"мышь телефон";2;12;9094;48
"мыши zet";2;8;8991;36
"bluetooth мыши";2;14;7652;33
"нарисуй мышь";2;12;6326;24
"мыши блади";2;10;3095;32
"китайская мышь";2;14;1970;23
"автокликер мышь";2;15;1823;34
"бегущая мышь";2;12;1812;23
"мышь кушает";2;11;1025;23
"мышь dragon";2;11;1211;27
"мышь dareu";2;10;728;47
"супер мышь";2;10;829;22
"водяные мыши";2;12;575;24
"мышь glorious";2;13;435;41
"glorious мышь";2;13;424;43
"лысые мыши";2;10;362;24
"испуганная мышь";2;15;306;26
"оленья мышь";2;11;183;24
"денежная мышь";2;13;167;23
"королевская мышь";2;16;130;26
"мышь икеа";2;9;140;28
"мышь купается";2;13;120;22
"zuoya мышь";2;10;128;40
"индукционная мышь";2;17;126;24
"мышь дориме";2;11;122;35
"гуртовщик мыши";2;14;92;22
"мышь суперлайт";2;14;88;30
"кучерявая мышь";2;14;77;26
"уинслоу мышь";2;12;66;34
"кактусовая мышь";2;15;26;22
"компьютерной мыши";2;17;83120;22
"компьютерный мышь";2;17;83071;23
"серый мышь";2;10;125380;26
"мыши дома";2;9;38608;23
"ловить мышей";2;12;21985;31
"a4tech мыши";2;11;16908;44
"мышь настройка";2;14;23126;22
"изменить мышь";2;13;14534;22
"щелчок мыши";2;11;9285;21
"песня мышей";2;11;13898;21
"мышь роблокс";2;12;3633;49
"завелась мышь";2;13;4003;22
"мыши млекопитающие";2;18;4106;22
"масса мыши";2;10;3260;21
"говорящая мышь";2;14;2681;23
"мыши раскраска";2;14;2156;45
"события мыши";2;12;2817;21
"мышцы мыши";2;10;2247;102
"склонение мышь";2;14;2010;153
"гнездо мыши";2;11;1797;22
"trust мышь";2;10;1749;71
"фотки мыши";2;10;1494;23
"золотые мыши";2;12;1545;21
"мышь плачет";2;11;1510;23
"хищная мышь";2;11;1152;21
"rapoo мышь";2;10;1047;52
"мышь асус";2;9;959;25
"мышь иконка";2;11;878;30
"кастомные мыши";2;14;956;21
"мышь геймерская";2;15;619;97
"сравнить мыши";2;13;534;21
"доктор мышь";2;11;533;21
"мышь смайлик";2;12;478;40
"игрушечная мышь";2;15;507;33
"подопытная мышь";2;15;402;26
"мышь rat";2;8;402;38
"пьяная мышь";2;11;263;23
"австралийская мышь";2;18;236;24
"ryzen мышь";2;10;163;26
"вертинский мыши";2;15;165;46
"кигуруми мышь";2;13;120;22
"восточноазиатская мышь";2;22;45;21
"где мыши";2;8;27140;20
"мышь рисунки";2;12;12219;24
"содержание мышей";2;16;7144;22
"манипулятор мыши";2;16;7755;20
"картинка мышей";2;14;15358;20
"мышь песня";2;10;13575;73
"цвет мыши";2;9;9190;22
"мыши порно";2;10;3325;68
"мышь redragon";2;13;1715;45
"мышь плавает";2;12;1764;59
"землеройка мышь";2;15;1577;138
"манга мышь";2;10;1110;32
"мышь cbr";2;8;899;32
"intro мышь";2;10;522;44
"мышь просклонять";2;16;481;32
"жареная мышь";2;12;451;21
"разведение мышей";2;16;272;20
"стюарт мышь";2;11;139;36
"выскочила мышь";2;14;143;22
"мышь стюарт";2;11;136;40
"гайка мышь";2;10;126;34
"мышь дегу";2;9;78;25
"повадки мышей";2;13;72;20
"hator мышь";2;10;58;25
"мышь этимология";2;15;55;21
"мыши крысы";2;10;44394;44
"usb мыши";2;8;20655;20
"подсветка мыши";2;14;9613;19
"устройство мыши";2;15;9216;19
"мышь характеристики";2;19;3875;28
"топ мышей";2;9;3618;19
"лицо мыши";2;9;3410;19
"мыши hyperx";2;11;3486;54
"озон мышь";2;9;2240;24
"выкройка мыши";2;13;2755;19
"мыши плавают";2;12;1773;20
"кликер мышь";2;11;1591;26
"мышь милая";2;10;1231;58
"помет мышей";2;11;1190;19
"лапы мыши";2;9;1204;19
"мышь стикер";2;11;1168;31
"мыши википедия";2;14;1113;20
"delux мышь";2;10;986;49
"офисные мыши";2;12;933;20
"блуди мышь";2;10;947;78
"мыши разновидности";2;18;827;22
"мышь церковная";2;14;796;89
"мышь m90";2;8;741;24
"мышь водяная";2;12;577;91
"плюшевая мышь";2;13;565;23
"мышами ударение";2;15;541;19
"мышь кудрявая";2;13;568;140
"силуэт мыши";2;11;517;22
"смайлик мышь";2;12;484;39
"мышь тупая";2;10;488;31
"мышь гиф";2;8;379;22
"pulsar мышь";2;11;310;38
"модная мышь";2;11;304;20
"картон мышь";2;11;306;19
"чернильная мышь";2;15;295;19
"logi мышь";2;9;263;22
"заводная мышь";2;13;257;28
"qcyber мышь";2;11;200;26
"мышь гайка";2;10;145;38
"мышь референс";2;13;130;25
"индукционные мыши";2;17;126;19
"пиканье мыши";2;12;101;19
"мыши maileg";2;11;49;21
"мышь летун";2;10;41;19
"препарировать мышь";2;18;36;19
"купить мышей";2;12;74963;20
"звуки мышь";2;10;24917;62
"мыши белые";2;10;21291;135
"мыши мультик";2;12;14691;32
"бегают мыши";2;11;7362;94
